Split,Subset,n,H3 Length,Epitope Size,Antigen Size,H3 Short%,H3 Long%,Epi Small%,Epi Large%
Epitope Group,Train,2338,14.4 ± 4.2,16.4 ± 6.2,266 ± 273,9,33,39,6
Epitope Group,Val,292,15.4 ± 4.3,24.0 ± 6.6,381 ± 278,8,47,5,35
Epitope Group,Test,292,15.5 ± 4.2,24.0 ± 6.6,379 ± 283,5,47,5,41
Antigen Fold,Train,2338,14.9 ± 4.3,18.9 ± 6.5,323 ± 279,7,38,25,14
Antigen Fold,Val,292,13.2 ± 4.1,14.5 ± 7.5,147 ± 214,19,27,57,9
Antigen Fold,Test,292,13.6 ± 4.0,14.0 ± 7.4,155 ± 249,14,30,60,5
Temporal,Train,2337,14.5 ± 4.3,17.7 ± 7.0,283 ± 282,9,36,34,12
Temporal,Val,292,14.9 ± 4.1,18.9 ± 6.9,320 ± 277,7,38,27,14
Temporal,Test,293,15.1 ± 3.9,19.1 ± 6.2,299 ± 249,6,39,24,17
